step,loss,val_loss,lr,grad_norm,dt_ms,tok_per_sec
0,11.888001,11.887641,0.000002,4.537776,15359.993573,4266.668452
1,11.855417,-1.000000,0.000004,4.613362,7612.842498,8608.611043
2,11.810410,-1.000000,0.000006,4.935067,7701.793706,8509.186626
3,11.738214,-1.000000,0.000008,4.634981,7695.932253,8515.667478
4,11.631248,-1.000000,0.000010,4.602330,7656.485901,8559.540349
5,11.501215,-1.000000,0.000012,4.644637,7658.047012,8557.795466
6,11.339361,-1.000000,0.000014,4.555079,7570.119639,8657.194751
7,11.197884,-1.000000,0.000016,4.461265,7544.215434,8686.920538
8,11.027747,-1.000000,0.000018,4.163056,7545.752298,8685.151250
9,10.805343,-1.000000,0.000020,4.119990,7651.021403,8565.653728
10,10.606550,-1.000000,0.000022,3.845333,7559.610011,8669.230278
11,10.513829,-1.000000,0.000024,3.209008,7556.958585,8672.271955
12,10.233107,-1.000000,0.000026,2.965193,7632.632356,8586.290672
13,10.010129,-1.000000,0.000028,2.694418,7557.543340,8671.600949
14,9.909265,-1.000000,0.000030,2.776702,7571.854838,8655.210830
15,9.915207,-1.000000,0.000032,2.749414,7549.730820,8680.574389
16,9.840079,-1.000000,0.000034,2.788702,7551.321947,8678.745319
17,9.723392,-1.000000,0.000036,2.820566,7619.498519,8601.090982
18,9.639177,-1.000000,0.000038,2.857496,7559.840852,8668.965562
19,9.607839,-1.000000,0.000040,2.389942,7564.363394,8663.782606
20,9.492393,-1.000000,0.000042,1.975441,7602.829115,8619.949102
21,9.427077,-1.000000,0.000044,1.918888,7764.291042,8440.693380
22,9.376464,-1.000000,0.000046,1.695288,7668.978472,8545.597075
23,9.362428,-1.000000,0.000048,1.537690,7659.927885,8555.694125
24,9.275856,-1.000000,0.000050,1.414925,7684.157085,8528.716849
25,9.117072,-1.000000,0.000052,1.875851,7834.088747,8365.491140
26,9.142310,-1.000000,0.000054,1.467594,7565.659703,8662.298144
27,9.112226,-1.000000,0.000056,1.573389,7634.176126,8584.554367
28,9.019283,-1.000000,0.000058,1.358088,7564.898648,8663.169601
29,8.983803,-1.000000,0.000060,1.141415,7650.325222,8566.433204
30,8.866285,-1.000000,0.000062,1.086667,7545.107010,8685.894039
31,8.945395,-1.000000,0.000064,1.041534,7554.631804,8674.942962
32,8.808324,-1.000000,0.000066,0.938520,7545.372167,8685.588802
33,8.681984,-1.000000,0.000068,0.975372,7548.694777,8681.765780
34,8.714855,-1.000000,0.000070,1.212210,7554.395340,8675.214501
35,8.694331,-1.000000,0.000072,1.090607,7549.977262,8680.291043
36,8.589152,-1.000000,0.000074,0.892901,7558.729939,8670.239647
37,8.567495,-1.000000,0.000076,0.780778,7548.093522,8682.457340
38,8.490225,-1.000000,0.000078,1.017404,7552.577150,8677.302952
39,8.359997,-1.000000,0.000080,0.980336,7550.541276,8679.642638
40,8.427763,-1.000000,0.000082,0.780864,7558.178811,8670.871865
41,8.362833,-1.000000,0.000084,0.798727,7535.305496,8697.192176
42,8.304358,-1.000000,0.000086,0.985544,7543.245646,8688.037362
43,8.282856,-1.000000,0.000088,0.783002,7604.346737,8618.228793
44,8.275024,-1.000000,0.000090,0.826985,7806.611891,8394.935077
45,8.124110,-1.000000,0.000092,0.645097,7758.795633,8446.671765
46,8.382225,-1.000000,0.000094,0.811531,7885.369300,8311.088233
47,8.240280,-1.000000,0.000096,0.764298,7816.267911,8384.564187
48,8.082326,-1.000000,0.000098,0.877681,7698.305557,8513.042190
49,8.354925,-1.000000,0.000100,1.140257,7618.163522,8602.598226
50,7.957226,-1.000000,0.000100,0.911075,7657.534130,8558.368645
51,7.788073,-1.000000,0.000100,0.820376,7722.298129,8486.592839
52,7.907917,-1.000000,0.000100,0.945621,7689.123979,8523.207608
53,7.956603,-1.000000,0.000100,0.792784,7750.177426,8456.064474
54,7.821119,-1.000000,0.000100,0.713356,7801.286504,8400.665706
55,7.881461,-1.000000,0.000100,0.884633,7774.697295,8429.395707
56,7.813373,-1.000000,0.000100,0.646299,7878.090666,8318.766917
57,7.808859,-1.000000,0.000100,0.689844,7672.446554,8541.734314
58,7.761550,-1.000000,0.000100,0.776282,7532.148293,8700.837723
59,7.908279,-1.000000,0.000100,0.704401,7715.081539,8494.531091
60,7.672995,-1.000000,0.000100,0.441173,7745.399172,8461.281148
61,7.635793,-1.000000,0.000100,0.648973,7573.691161,8653.112281
62,7.602174,-1.000000,0.000100,0.644516,7630.201413,8589.026220
63,7.735090,-1.000000,0.000100,0.722689,7721.417792,8487.560415
64,7.606200,-1.000000,0.000100,0.670453,7922.344654,8272.298526
65,7.619988,-1.000000,0.000100,0.491141,7688.827650,8523.536095
66,7.540564,-1.000000,0.000100,0.576152,7561.643841,8666.898545
67,7.532862,-1.000000,0.000100,0.798682,7582.332909,8643.250143
68,7.539684,-1.000000,0.000100,0.564515,7636.169511,8582.313411
69,7.487614,-1.000000,0.000100,0.453149,7555.189815,8674.302248
70,7.495130,-1.000000,0.000100,0.772580,7675.821850,8537.978249
71,7.455346,-1.000000,0.000100,0.708720,7664.755090,8550.305813
72,7.364791,-1.000000,0.000100,0.534623,7586.312582,8638.716015
73,7.408796,-1.000000,0.000100,0.582437,7785.882307,8417.286239
74,7.430580,-1.000000,0.000100,0.741904,7586.059836,8639.003833
75,7.395929,-1.000000,0.000100,0.556294,7627.210713,8592.394057
76,7.305263,-1.000000,0.000100,0.704773,7594.110885,8629.845020
77,7.385118,-1.000000,0.000100,0.898406,7553.289998,8676.484024
78,7.343163,-1.000000,0.000100,0.618858,7543.749751,8687.456790
79,7.411230,-1.000000,0.000100,0.597407,7554.936570,8674.593015
80,7.415789,-1.000000,0.000100,0.681764,7561.771023,8666.752775
81,7.372604,-1.000000,0.000100,0.676839,7602.536214,8620.281200
82,7.360193,-1.000000,0.000100,0.508108,7662.426205,8552.904556
83,7.291585,-1.000000,0.000100,0.594277,7661.596838,8553.830407
84,7.362007,-1.000000,0.000100,0.635372,7622.171357,8598.074870
85,7.234582,-1.000000,0.000100,0.593602,7615.851852,8605.209407
86,7.412924,-1.000000,0.000100,0.549481,7595.650956,8628.095259
87,7.153590,-1.000000,0.000100,0.751761,7632.212936,8586.762522
88,7.193246,-1.000000,0.000100,0.564335,7770.571895,8433.870877
89,7.399473,-1.000000,0.000100,0.813414,7641.239754,8576.618731
90,7.089487,-1.000000,0.000100,0.597050,7855.854131,8342.313758
91,7.279593,-1.000000,0.000100,0.680060,7755.338189,8450.437415
92,7.263386,-1.000000,0.000100,0.607742,7782.714817,8420.711993
93,7.179373,-1.000000,0.000100,0.592177,7652.375364,8564.138177
94,7.090319,-1.000000,0.000100,0.530843,7841.683651,8357.388912
95,7.247125,-1.000000,0.000100,0.499191,7950.938611,8242.548862
96,7.194456,-1.000000,0.000099,0.527874,7845.266769,8353.571896
97,7.111129,-1.000000,0.000099,0.587080,7760.664925,8444.637236
98,7.118467,-1.000000,0.000099,0.675181,7711.086860,8498.931628
99,7.208995,-1.000000,0.000099,0.588136,7838.546618,8360.733589
100,7.281363,-1.000000,0.000099,0.491120,7714.685286,8494.967399
101,7.276984,-1.000000,0.000099,0.708231,7698.368796,8512.972259
102,7.345766,-1.000000,0.000099,0.516706,7830.790310,8369.014800
103,7.328156,-1.000000,0.000099,0.597723,7741.083405,8465.998436
104,7.115481,-1.000000,0.000099,0.710291,7636.006633,8582.496474
105,7.160872,-1.000000,0.000099,0.683060,7826.060696,8374.072544
